pavli,8
iovii,1
vita,14
leonis,1
decimi,1
pont,7
max,8
libri,107
qvatvor,16
christi,21
passione,1
oratio,21
psalmorvm,2
omnivm,10
ivxta,5
hebraicam,2
ueritatem,1
paraphrastica,1
interpretatio,3
svccinctissima,1
quantum,1
phrasis,1
hebraica,2
permittit,1
litteram,1
proxime,2
accedens,1
paraphrasis,4
concionem,2
salomonis,2
ecclesiastæ,1
nicolai,15
clenardi,6
institvtiones,12
græcam,3
lingvam,4
eiusdem,54
meditationes,5
græcanicæ,4
artem,6
grammaticam,4
admiranda,2
vere,2
magnitvdine,1
vrbis,6
ecclesiae,15
romanae,3
andreae,7
vesalii,2
bruxellensis,1
epistola,6
rationem,2
modumque,1
propinandi,1
radicis,1
chymæ,1
decocti,1
pertractans,1
praeter,3
alia,3
qvaedam,2
epistolæ,4
cuiusdam,1
jacobum,1
syluium,1
sententiam,1
recensens,1
epistole,2
caroli,5
arte,9
epistolandi,2
vite,1
leon,1
decimo,2
dadriano,1
sesto,1
del,14
cardinal,1
pompeo,1
colonna,1
loci,8
argvmentorvm,3
legales,3
chrysostomi,4
iauelli,2
canapicii,1
omnibvs,5
metaphysicae,1
libris,14
quæsita,2
testualia,1
metaphysicali,1
determinata,1
quibus,39
clarissime,1
resoluuntur,1
dubia,1
aristotelis,52
commentatoris,1
eaq́ue,1
plurimum,1
decisa,1
habentur,3
iuxta,7
thomisticum,1
dogma,1
tres,43
anima,9
his,15
qvi,8
conseqvvntvr,1
ipsam,1
dominici,10
flandria,4
thomæ,10
aquinatis,7
commentaria,29
posteriorum,4
analyticorum,3
quaestiones,2
perutiles,6
graecam,5
clarissimi,4
ivrisc,1
benvenvti,1
stracchae,1
assecurationibus,1
tractatus,22
libelli,3
cvivsdam,1
antverpiæ,1
nvper,4
editi,4
contra,17
serenissimvm,1
ioannem,3
avstria,1
gubernatorem,1
generalem,1
inferioris,1
germaniæ,2
qua,12
parte,7
conscientiæ,4
vocant,5
libertas,1
requiritur,1
breuis,2
dilucida,2
confutatio,1
orationes,8
sex,19
presbyterorvm,1
societatis,19
iesv,13
progne,1
tragoedia,1
petri,31
santernae,1
tractatvs,26
assecvrationibus,1
sponsionibus,1
mercatorum,1
nunc,24
primum,17
lucem,20
datus,1
repertorio,3
summarijs,4
conciliorvm,2
generalivm,2
prouincialivm,1
quæ,29
inde,2
apostolorum,1
temporibus,3
hactenus,9
legitime,1
celebrata,2
haberi,2
potuerunt,1
bernardi,7
claræuallensis,1
opera,31
dvos,3
tomos,5
distincta,4
prose,1
nelle,1
quali,1
ragiona,2
della,13
volgar,1
lingua,1
gregorii,17
valentia,9
commentariorum,5
theologicorum,1
tomi,4
quatuor,27
omnes,21
materiae,1
continentur,11
summa,20
theologica,5
divi,7
thomae,16
ordine,14
explicantur,9
legende,1
sanctorum,12
abbatis,9
claraevallis,1
consideratione,3
evgenivm,1
papam,2
tertivm,3
qvinqve,8
sancti,20
sixti,2
tertii,3
liber,53
divitiis,1
malis,1
doctoribus,5
operibus,2
fidei,9
iudicio,2
futuro,1
castitate,1
bracharij,1
ianuarium,1
commentariorvm,11
theologicorvm,6
materiæ,1
diui,10
tomus,16
primus,19
quartus,4
bernardini,3
tomitani,1
patavini,1
animaduersiones,1
aliquot,3
librum,21
resolutoriorum,1
contradictionvm,1
solvtiones,1
auerrois,3
dicta,4
nouem,1
demonstratiua,1
argumenta,2
francisci,39
toleti,7
vnà,10
quæstionibus,6
libros,60
generatione,2
corrvptione,2
philelphi,1
morali,1
disciplina,3
quinque,10
averrois,4
repub,2
platonis,4
robortelli,2
politicos,2
disputatio,2
omnia,36
extant,7
titelmanni,2
dialectica,2
errici,2
pvteani,2
svgambri,1
avditoris,2
lipsiani,1
reliqviæ,1
convivii,1
prisci,1
ritvs,1
alii,1
censvrae,1
practica,13
cavsarvm,3
criminalivm,3
linguam,5
originibus,1
rerum,19
libellus,10
authore,2
gulielmo,1
pastregico,1
veronense,1
agitur,3
scripturis,2
virorum,1
illustrium,3
fundatoribus,1
vrbium,1
primis,5
nominibus,5
inuentoribus,2
dignitatibus,1
thermis,1
baccii,1
elpidiani,1
medici,3
philosophi,2
ciuis,1
romani,10
septem,19
opus,18
locupletissimum,1
solum,2
medicis,3
necessarium,4
verum,1
studiosis,5
variarum,1
naturae,1
perutile,4
vniversa,2
aquarum,1
natura,5
lavrentii,3
gambaræ,4
venetiæ,1
nova,3
vniversis,2
philosophia,6
quinquaginta,1
comprehensa,1
aristotelica,1
methodo,5
motvm,1
lumina,1
primam,6
causam,2
ascenditur,1
noua,3
quadam,1
peculiari,1
tota,2
contemplationem,1
venit,1
diuinitas,1
postremo,2
platonica,1
uniuersitas,1
conditore,1
deo,2
deducitur,1
qvibus,2
svnt,3
adiecta,6
zoroastis,1
oracula,1
cccxx,1
platonicis,1
collecta,6
hermetis,1
trismegisti,1
fragmenta,1
quotcunque,1
reperiuntur,1
scientifico,1
disposita,1
asclepii,1
discipuli,2
mystica,1
ægyptiorum,2
platone,1
dictata,1
aristotele,1
excepta,1
perscripta,1
platonicorum,1
dialogorum,1
nouus,1
penitus,1
francisco,1
patritio,1
inuentus,1
ordo,2
scientificus,1
capita,7
demum,4
multa,2
plato,1
concors,1
aristoteles,1
vero,6
catholice,1
aduersarius,1
ostenditur,3
specvlvm,4
morale,1
totivs,7
sacrae,8
scriptvrae,4
ioannis,42
vitalis,1
uniuersa,3
ferè,6
loca,2
figuræ,1
veteris,4
noui,2
testamenti,3
sensu,1
mystico,1
explanantur,1
origine,2
seraphicæ,2
religionis,4
frãciscanae,1
eiusque,1
progressibus,1
regularis,1
obseruãtiæ,1
institutione,2
forma,1
administrationis,1
legibus,2
admirabilique,1
eius,2
propagatione,1
gonzagæ,1
sdn,4
sixtvm,2
partes,11
diuisum,4
aqvinatis,6
expositio,19
duplici,2
textus,3
translatione,2
antiqua,1
scilicet,4
argyropoli,1
accedunt,1
hæc,4
acutissime,1
quæstiones,14
magistri,9
quamplurimis,2
mendis,7
recens,8
castigate,1
expositionis,2
dilucidationem,1
avrevs,3
inscriptvs,1
conformitatvm,1
vitæ,3
beati,7
seraphici,2
patris,2
vitam,2
domini,11
nostri,9
denuò,2
editus,6
atq,13
infinitis,2
propemodum,2
correctus,2
ieremia,1
bucchio,1
lingvae,4
graecae,3
enchiridion,3
manvale,1
confessariorvm,2
paenitentivm,1
historia,13
italia,2
gli,5
obelischi,2
roma,4
gentibvs,1
septentrionalibvs,1
earvmqve,1
diversis,1
statibvs,1
conditionibvs,1
moribvs,2
ritibvs,3
svperstitionibus,1
disciplinis,2
exercitiis,1
regimine,1
victu,1
bellis,1
structuris,1
instrumentis,1
mineris,1
metallicis,1
rebus,4
mirabilibus,1
necnon,14
vniuersis,1
penè,3
animalibus,1
septentrione,1
degentibus,1
eorumque,3
avrelii,1
cornelii,2
celsi,1
medica,1
viii,9
item,17
sereni,1
medicina,2
rhemnii,1
fannii,1
palae,1
monis,1
ponderibvs,1
mensvris,1
svmma,19
mysteriorvm,1
christianae,6
august,1
hvnnæi,1
sacramentis,9
axiomata,2
centvm,2
modi,1
argvmentandi,1
selectae,1
similitvdines,1
collationes,2
biblijs,1
sacris,8
veterum,3
orthodoxorum,1
commentarijs,2
catechismus,1
decreto,2
concilii,6
tridentini,9
parochos,1
lombardi,6
sententiarum,31
iiii,18
editiones,1
collatione,1
diuersorum,1
exemplarium,2
emendatissimi,1
singulos,1
titulorum,1
finem,2
indica,1
copiosissimo,3
aucti,2
locupletati,2
biblia,2
sacra,9
vulgatae,1
editionis,1
tribus,3
tomis,4
topica,1
ivris,7
pontificale,4
missale,7
romanum,5
nouiter,8
impressum,6
quibusdam,3
missis,2
nouo,4
additis,8
multum,1
deuotis,1
epigrammata,1
antiqvae,1
cœlii,1
lactantii,2
firmiani,1
diuinarum,2
institutionum,1
ira,1
dei,19
opificio,1
epitome,4
suos,1
calce,1
carmen,3
phoenice,1
dominica,6
resurrectione,2
ausonii,1
nuper,16
reperta,1
ioachimi,2
ringelbergii,1
institutiones,3
astronomicæ,1
ternis,1
contentæ,1
procli,1
diadochi,1
lycii,1
primvm,6
evclidis,1
elementorum,1
vniversam,6
mathematicam,1
disciplinam,1
principivm,1
ervditionis,1
tradentivm,1
authorati,1
theologi,5
ricardi,2
media,1
villa,2
tria,3
recognita,4
reconcinnataq,1
quodlibeta,1
primo,14
sacre,3
pagine,2
cultorib,1
ferant,1
opem,1
prodeunt,5
assignatis,1
vbiq,2
funditus,2
sententie,1
hauriantur,1
doctorum,5
locis,8
sacratissimi,1
mediauilla,1
primu,1
quartum,6
questiones,7
persubtilissime,1
quodlibet,2
aegidii,2
theoremata,2
corpore,1
guliermus,1
ocham,1
sacramento,3
altaris,1
postillae,3
maiores,3
totius,12
anni,10
diligentius,1
instauratae,1
auctae,1
aliae,1
antea,7
impressae,1
continebant,1
comprehendentes,1
lectvra,5
fratris,10
scriptoris,1
qvam,7
edidit,1
declarando,1
svbtilissimas,1
doctoris,21
svbtilis,4
sententias,6
circa,10
magistrvm,1
libro,20
synodia,1
vgonia,1
episcopi,12
phamavgvstani,1
conciliis,1
nouissime,4
hystoriarum,1
omnium,21
repercussiones,1
iacobophilippo,1
bergomẽse,1
ordinis,15
heremitarum,1
edite,1
que,2
supplementum,1
supplementi,1
cronicarũ,1
nuncupantur,1
incipiendo,1
exordio,1
mundi,2
vsque,8
annum,5
salutis,1
nostre,1
mcccccij,1
potestate,11
summi,1
potificis,1
qvae,19
hoc,14
volvmine,5
tractantvr,2
bessarionis,1
calumniatorẽ,1
correctio,1
librorum,6
georgio,5
trapezuntio,1
interprete,11
aduersus,10
eundem,10
trapezuntiũ,1
lectura,3
excellentissimi,3
theologie,1
gratiani,4
brixiensis,1
mino,1
secundo,4
scoti,29
philippi,7
pedimontii,1
ecphrasis,1
horatii,3
flacci,4
poeticam,1
constantini,2
lascaris,1
byzantini,1
octo,11
partibus,2
orationis,3
constructione,1
secundus,8
nomine,3
uerbo,2
tertius,4
introductio,1
perbreuis,1
triumphus,1
crucis,1
veritate,3
guillermus,1
vorrillong,1
quattuor,6
apostillatus,1
stephani,4
brulefer,1
seraphicique,1
bonauenture,1
subtilissima,1
disputationes,3
lutheranos,1
confessionis,4
intitulata,2
pacifica,2
conscientia,3
iacobi,8
perez,1
diuine,2
plane,5
expositiones,4
euangeliorum,1
epistolarum,2
continentes,2
absolvtissimæ,1
flores,9
italici,4
latini,4
sermonis,4
thesavrvs,3
sacrorvm,2
svmmorvm,1
romanorvm,5
pontificvm,3
imperatorvm,1
regvm,3
sanctissimorvm,1
episcoporvm,3
anatomicarvm,1
gabrielis,4
falloppii,1
observationvm,1
examen,6
candelabrvm,2
avreum,1
eccl,2
continens,8
lucernas,1
sacramenta,2
mirabiles,2
elucidationes,2
compositum,1
martino,2
alfonso,2
viualdo,2
pars,19
prima,19
tertia,8
anathomia,1
mundini,1
xxviii,1
maximorvm,1
elogia,1
imagines,1
accuratissime,3
uiuum,1
aeneis,2
typeis,1
delineatae,1
rosario,1
gloriosa,1
vergine,2
maria,3
multis,4
novo,1
hieronymi,22
dorothei,1
sermones,15
xxi,1
theologiae,6
opvscvla,6
ivlii,6
rvgerii,2
artis,2
gymnasticæ,1
apvd,2
antiqvos,1
celeberrimæ,1
nostris,3
temporibvs,4
ignoratæ,1
mercvrialis,2
gymnastica,1
primatv,1
apostolicae,5
sedis,2
onvphrio,1
panvinio,1
auctore,5
verrii,1
pompei,1
festi,1
verborvm,1
significatione,1
lib,14
festum,2
annotationes,10
constitutiones,4
iesu,16
earum,4
declarationibus,2
lvtheranarvm,1
assertionvm,1
oppvgnatio,1
clementis,6
alexandrini,2
qvidem,3
coelibatv,2
sacerdotvm,3
abrogando,2
marqvardi,1
svsanis,1
sacerdotale,2
romane,2
ecclesie,6
aliarum,4
ecclesiarum,2
erōtèmata,1
tou,1
chrusolōra,1
peri,1
schèmatismou,1
tōn,2
chronōn,1
chalkondylou,1
relationi,1
vniversali,2
marci,6
mantua,1
bonavitis,1
dialogus,2
concilio,5
modvlata,1
pallas,1
siue,12
discrimina,1
vocvm,1
harmonicae,1
lectionis,1
nouum,1
compendiarium,1
vsum,3
aptata,1
contexta,1
rosarivm,3
avrevm,5
mariae,1
virginis,6
angelii,2
bargaei,2
commentarius,10
obelisco,2
xaverii,1
commvni,2
theologicum,2
tripartitum,1
planè,1
aureum,1
romanvm,7
ivssv,3
restitvtvm,1
editvm,3
alexandri,4
ales,1
angli,1
vniversae,2
donati,3
acciaioli,1
politicorum,1
commentarii,14
onvphrii,6
panvinii,6
pontifices,2
cardinales,1
sre,4
eisdem,1
leone,1
paulum,3
quingentos,1
posteriores,2
natali,2
annos,1
creati,1
exercitia,2
spiritvalia,1
madonati,1
evangelistas,2
viris,2
illvstribvs,1
praedicatorvm,3
platonicae,1
aristotelicae,1
philosophiae,4
differentia,4
bernardino,1
donato,2
veronensi,1
lvdovici,3
bvccaferrei,1
lectiones,1
secvndvm,9
meteororvm,1
federici,2
delphini,4
flvxv,1
reflvxv,1
aqvae,1
maris,1
ervdita,1
dispvtatio,4
motv,1
octavae,1
sphaerae,1
canones,4
congregationum,1
generalium,2
physicarum,1
acroasum,1
naturalium,3
auscultationum,1
vaticinia,2
prophetiae,1
anselmi,1
marsicani,1
imaginibus,1
aere,2
incisis,2
correctione,2
pulcritudine,1
plurium,3
manuscriptorum,2
opere,2
uariarum,2
imaginum,2
tabulis,1
delineationibus,1
alijs,4
antehac,2
impressis,3
longe,3
praestantiora,1
rota,1
oraculum,1
turcicum,1
maxime,6
considerationis,1
sunt,27
vna,11
praefatione,1
adnotationibus,2
paschalini,1
regiselmi,1
pradi,1
baptistae,6
villalpandi,1
ezechielem,1
explanationes,3
apparatus,1
templi,1
hierosolymitani,1
commentariis,6
imaginibvs,1
illvstratvs,1
opvs,7
tribvs,2
distinctvm,1
psalmos,8
successus,1
sanctae,3
affluentissimaeque,1
tempore,2
doctrinae,3
spiritus,1
mysteria,2
soto,5
tvrriani,3
dogmatici,1
characteres,1
verbi,3
catholicos,1
germaniae,1
adversvs,4
novos,1
evangelicos,1
morem,1
sanctissimi,2
pontificis,12
ambrosii,5
decreta,10
sacrosancti,7
oecumenici,4
generalis,10
translatio,1
sacri,8
tridento,1
civitatem,1
bononiae,1
albani,1
papae,6
consistorii,1
consultationibus,1
rvdimenta,2
græcæ,1
antonii,21
possevini,2
bibliotheca,4
selecta,1
ratione,7
stvdiorvm,1
salute,2
procuranda,1
explicationes,3
catholicae,3
locorvm,2
fere,8
novi,4
qvibvs,8
stabiliendas,1
haereses,1
nostra,2
tempestate,1
abutuntur,1
hæretici,2
veritates,1
avreae,2
svper,5
totam,1
legem,1
veterem,2
tvm,4
litterales,1
mysticæ,2
modvm,1
conclusionum,1
sacro,6
textu,2
mirabiliter,1
exculptæ,1
folengii,1
dauidicos,2
doctissima,3
diuina,3
xii,9
euangelij,1
secundum,17
lucam,3
ant,1
conventualis,1
franciscani,1
aragoniae,1
provincia,1
subtilis,10
celeberrimi,4
absolutissimum,1
quod,1
div,1
latverit,1
constantio,2
sarnano,1
indicibus,1
marginem,1
annotationibus,3
illustratum,1
eodem,5
thomas,4
scotus,2
auerroes,1
conueniunt,1
dissentiunt,1
incredibili,1
labore,3
emendatum,3
angelo,1
rocch,1
camerino,1
ianduno,1
coelo,1
mundo,1
qvaestiones,6
svbtilissimae,2
consvlto,1
adiecimvs,1
sermonem,3
substantia,1
orbis,8
secunda,10
tatareti,4
lvcidissima,1
reportata,1
sententiarvm,13
qvodlibeta,1
dvns,8
priores,1
nusquam,2
typis,3
excussa,2
innumeris,5
erroribus,6
expurgata,1
germanæ,1
integritati,7
restituta,2
insignioribus,1
annotationiubus,1
illustrata,4
rpf,8
bonauenturam,1
manentum,1
reginaldi,4
poli,5
eivsdem,15
baptismo,1
magni,4
imperatoris,1
reformatio,2
angliae,2
decretis,3
gasparis,4
contareni,2
qvod,3
divinitvs,1
sit,5
tradita,2
commentarivs,8
lycheti,2
tertium,3
qvolibeta,1
commentationes,1
subtillissimæ,1
annis,1
franciscanæ,1
familiæ,1
patribus,4
desideratæ,2
maximis,1
scatebant,2
purgatæ,1
marginibus,2
ditatæ,1
contradictionibvs,1
apparentibvs,1
doctrina,11
suis,8
solutionibus,1
auctæ,1
augustini,3
steuchi,1
extabant,1
vitis,1
lancilotti,1
conradi,2
prætorium,1
curiale,1
breuiarium,1
accessit,7
avthoris,2
libellvs,4
decurionibus,1
calendarii,1
apologia,3
michaelem,1
maestlinum,1
explicata,2
copia,2
duna,1
lettera,1
annua,1
scritta,1
dal,1
giappone,1
nel,1
xcv,1
generale,1
iis,1
omnibus,7
societatem,1
admitti,1
petent,1
proponendum,1
anno,7
1558,1
litterae,3
institutio,6
confirmatio,4
varia,4
priuilegia,3
indulta,1
societati,2
sede,1
apostolica,3
concessa,2
declarationes,4
examinis,2
constitvtiones,7
ordinationes,1
praepositorum,1
communes,1
toti,1
regole,2
compagnia,1
avvisi,2
giapone,4
lxxxii,1
lxxxiii,2
lxxxiv,2
con,9
alcuni,2
altri,5
cina,4
dell,4
fine,2
1587,1
larrivo,1
delli,1
signori,1
giaponesi,1
nellindia,1
lettere,4
glanni,2
lxxxix,2
maffeii,2
historiarvm,5
indicarvm,2
xvi,3
selectarvm,1
epistolarvm,3
india,1
coltura,1
deglingegni,1
nuovi,1
avisi,1
delle,2
indie,1
portogallo,1
ratio,9
studiorum,2
index,9
librorvm,4
prohibitorvm,2
didaci,4
stvnica,1
iob,1
διαταγαι,1
των,1
ἁγιων,1
ἀποστολων,1
δια,1
κλημεντος,1
του,2
ρωμαιων,1
ἐπισκοπου,1
και,2
πολιτου,1
καθολικη,1
διδασκαλια,1
φραγκισκου,1
πρεσβυτερου,1
τουρριανου,1
προλεγομενα,1
σχολια,1
ἀπολογητικα,1
passionis,3
caeciliae,1
valeriani,1
tiburtii,1
maximi,5
martyrum,1
urbani,1
lucii,1
pontificum,1
mart,1
vitae,3
dominicales,2
totum,1
conclvsionvm,1
vtrivsqve,2
regularum,1
ampliationibus,1
limitationibus,1
communium,1
opinionum,1
imitatione,2
sanctorvm,4
illorvm,1
diebus,4
festis,1
toto,3
ecclesia,4
celebrantur,1
svmmae,2
vio,5
caietani,4
disctincta,1
sebastiani,9
corradi,3
officio,6
sententiæ,4
exempla,1
vaticana,2
sixto,1
splendidiorem,1
commodioremq,1
locum,2
translata,1
melchioris,2
gvilandini,2
papyrvs,1
plinij,1
maioris,3
papyro,1
repugnantia,1
galeno,1
strenuè,1
pugnatur,1
assertio,2
galenum,1
pronunciatæ,1
declaratio,2
difficilivm,1
terminorvm,2
logicae,1
bibliae,1
commvnes,3
materiarum,3
veteri,2
testamento,4
excerpti,1
alphabetico,5
digesti,2
oeconomia,1
concordantiarvm,1
trivmphvs,1
basilii,1
zanchii,1
divinos,1
notationes,1
paralipomenon,1
paulli,1
sacrati,1
canonici,1
ferrariensis,2
xxxiii,1
homiliae,3
xviii,1
parem,1
doctissimae,1
divinae,3
centumquinquaginta,1
cantica,3
officialia,1
seu,8
ferialia,2
euangelica,1
ecclesiasticis,6
officiis,2
decantantur,1
canticum,1
sanè,1
quàm,15
argutus,1
quaestionum,1
subtilissimis,1
resolutionibus,2
iudaeos,1
aduersarios,1
una,5
excellentissima,1
explanatione,1
canticorum,2
nuperrime,1
simbolum,1
atanasii,1
aurea,4
expositione,2
canticvm,1
canticorvm,1
dilucidiss,1
propeq,1
explanatio,5
isagogen,2
paraphrasin,1
qvinque,1
plenioris,1
interpretationis,1
distributa,1
thaddaei,1
pervsini,1
esaiam,1
prophetam,1
duobus,2
compraehensa,1
literalis,1
isidori,1
clarij,1
fvlginatis,1
evangelivm,1
lvcam,2
qvinqvaginta,2
enarrationes,5
sacrosanctvm,3
evangelium,2
sensum,1
literalem,1
historicum,1
mysticum,1
immixtis,1
sermonibus,1
moralibus,1
contemnendis,1
cap,1
sextvm,1
apocalypsim,1
tenebris,4
eruta,1
sangvine,1
duranti,1
catholicæ,5
breviarii,1
concilij,5
restitutum,3
ordinem,4
cartvsien,1
psalmista,1
consuetudinē,1
sancte,2
sacrarvm,2
cæremoniarum,1
ritvvm,1
ecclesiasticorvm,2
rom,5
ecclesiæ,19
breviarivm,3
optime,4
recognitum,5
administrandorvm,1
sacramentorvm,3
ritvm,1
ecclesię,1
placentinæ,1
ephraem,2
edessenæ,1
diaconi,1
archiepiscopi,2
constantinopolitani,2
quatenus,3
hunc,2
diem,2
latio,2
donata,2
noscuntur,2
digesta,4
matthaei,1
brevis,2
enarratio,3
nvnc,3
lvcem,3
edita,5
homiliæ,1
postremæ,1
matthæum,1
græcè,1
latinè,1
quaedam,2
theodoreti,2
cyrensis,2
qvatvordecim,2
pauli,9
epistolas,6
concili,1
haec,3
continentvr,6
neruæ,2
traiani,3
adriani,3
caesarum,1
dione,4
merula,5
aelius,2
spartianus,2
iulius,2
capitolinus,2
lampridius,2
flauius,2
vopiscus,2
trebellius,2
pollio,2
vulcatius,2
gallicanus,2
ioanne,5
baptista,3
egnatio,2
veneto,2
diligentissime,4
castigati,3
heliogabali,2
principis,5
meretrices,2
elegantissima,2
egnatij,2
cæsaribus,2
dictatore,2
cæsare,2
cóstantinum,1
palæologum,2
hinc,3
carolo,3
magno,2
maximilianū,1
caesarē,1
spartiani,2
lampridijq,2
uitas,2
reliquorum,3
aristidis,2
smyrnæi,2
laudibus,4
urbis,2
romæ,2
scipione,2
carteromacho,2
latinum,4
uersa,4
extrema,2
operis,3
addita,3
cóflagratio,1
veseui,2
montis,3
zenonis,1
veronen,1
praeclarissimae,1
responsiones,2
mille,1
qvaesita,2
omni,5
facultate,1
gvilielmi,1
alverni,1
parisiensis,5
vniversi,1
duce,1
auspice,1
gregorio,1
xiii,10
pontifice,1
maximo,1
vnum,6
congesti,1
parisiens,1
sev,11
praedictiones,1
illvstrivm,2
virorvm,2
rotis,1
ære,1
comprænsa,1
successione,2
summ,1
compendivm,8
theologicae,7
veritatis,3
paradisvs,1
delitiarvm,1
animae,1
perfectionem,2
svspirantis,1
complectens,6
opuscula,4
pietate,1
eruditione,2
plena,1
bonaventvrae,4
lvi,1
scriptvm,2
bonauenturae,1
rationale,2
divinorvm,1
officiorvm,1
hispani,3
svmmulae,1
logicales,1
cvm,23
versorii,1
clarissima,3
paruorum,1
logicalium,1
eidem,2
petro,1
hispano,1
ascriptum,1
distinctum,1
repertorivm,2
locvpletissimvm,1
quolibetorum,1
doct,1
iohannis,1
duns,8
resolutio,3
scoticæ,1
aqvilani,1
cognomento,2
scotelli,1
ioan,10
spectatissimi,1
angelica,2
casibvs,1
conscientialibus,1
simonis,4
maioli,2
omnivmqve,1
temporvm,1
defensione,2
sacrarum,2
iconomachos,1
centuriæ,1
sexdecim,1
quadragesimales,4
christo,5
abscondito,1
solemnitate,1
corporis,1
canonis,1
missae,2
pia,1
catholica,2
hosman,1
misnensis,1
communione,1
utraque,1
specie,1
peregrinarvm,1
qvaestionvm,4
svmmvlas,2
exactae,1
quadripartitum,2
reuerendi,2
silvestri,2
prieriatis,1
strigimagarvm,1
dæmonumque,1
mirandis,1
ptris,1
bartholomaei,5
spinei,1
pisani,1
qvaestio,1
strigibvs,1
speciale,1
niise,3
pii,5
secvndi,5
memorabilium,2
contigerunt,2
ascanii,1
comitii,1
spoletini,1
præfationes,1
naturalis,2
syriani,2
antiquissimi,1
interpretis,2
metaphysices,2
potissimum,2
scriptura,2
probatis,1
historijs,1
confectum,2
qvæstiones,1
ervditissimæ,1
stagiritae,4
carmina,3
poetarvm,2
bizzari,1
qvorvm,4
indicem,1
seqvens,1
pagina,4
demonstrabit,1
virgilivs,1
calvmniis,1
vindicatvs,1
fracastorii,2
veronensis,1
illius,4
mortem,1
macaronicorvm,1
poema,2
privilegiorvm,2
gratiarvm,1
concordantiae,1
philosophorum,2
theologorum,3
pignae,2
carminvm,2
adiunximus,1
caelii,1
calcagnini,1
carm,2
iii,9
lvdouici,2
areosti,1
nogarolæ,1
dialogvs,1
inscribitur,2
timotheus,1
nilo,1
sylvae,1
nvptialis,1
dictis,2
moder,1
materia,5
matrimonii,1
dotium,1
filiationis,1
adulterii,1
originis,1
successionis,1
monitorialium,1
plenissimè,1
discutitur,2
remedijs,1
sedandum,1
factiones,1
guelphorum,1
gebelinorum,1
gnomonices,1
horologiorum,1
solariũ,1
quoq,1
gnomonis,1
umbra,1
cognosci,1
possunt,2
descriptiones,1
geometrice,1
demonstrantur,2
elvcidatio,2
veritatem,4
vvlgatæ,1
usitatæ,2
æditionis,2
latinæ,4
ipsa,1
integra,1
illibataq́,1
aduerso,1
opponitur,1
adiuncta,1
elucidatio,1
ecclesiasticus,1
vsus,2
appellat,1
subsequuntur,1
hebręo,1
chaldęo,1
quicquid,2
occurrit,1
difficultatis,1
tractatur,1
exponitur,1
sigonii,4
antiqvo,1
ivre,1
italiae,1
senatvm,1
popvlvmq,1
eloquentia,1
vsu,1
linguæ,1
retinendo,1
historiæ,4
studijs,1
humanitatis,1
congregationvm,1
spinulae,1
mediolanensis,3
poematon,1
carminum,5
epodon,2
secularium,1
elegorum,1
hendecasyllaborum,1
epigrammaton,2
climaci,1
spiritualis,1
mōte,1
synai,1
triginta,3
gradus,2
scale,1
celestis,1
emēdati,1
impressioni,1
traditi,1
fonsecae,1
metaphysicorvm,1
theotocodia,1
parthenodia,1
eximivm,1
laudem,1
deiparae,1
idyllia,1
nondvm,1
impressa,4
poemata,3
laurentii,2
gambarae,1
precationes,1
deum,1
fontes,1
caprarolae,1
farnesii,1
card,1
laurentij,2
brixiani,1
fvlvivm,1
vrsinvm,1
malachia,1
piorvm,1
poesi,2
res,2
honestas,1
sacras,1
conferenda,1
lucubratiununcula,1
tvllii,3
ciceronis,9
volvmen,4
christianvm,1
fide,3
edictvm,1
theologicarvm,5
absolvtissima,3
formalitatibus,1
vallonis,1
controversiae,1
miscellaneae,1
sacram,2
theologiam,3
complectentes,3
omnesq́,1
opiniones,1
artes,2
speculatiuas,1
scientias,1
versantur,1
enucleantes,1
berardi,1
bonioannis,1
summæ,2
theologicæ,2
georgii,3
bvsti,1
vercellensis,3
naturales,1
diuinæ,1
philosophiæ,2
theologiæ,4
utiles,2
pernecessariæ,1
impresse,1
tractatu,3
astronomico,1
perpulchro,1
adiecto,1
indice,10
sacrificio,1
sacrosanctæ,1
eucharistiæ,3
celebratione,1
christum,1
cœna,1
nouissima,1
articuli,1
uocantur,1
orthodoxa,1
fides,1
asseritur,1
aduersariorum,1
errores,3
eliduntur,1
coena,1
calice,1
laicos,1
clericos,1
celebrantes,1
dispvtationes,1
protestationem,1
qvattvor,4
haereticorvm,1
avgvstanæ,1
habitæ,2
gasparo,1
cardilli,1
villalpandeo,1
œcumenica,1
synodo,7
tridentina,4
simul,2
redditur,2
multorum,4
eadem,3
carolvm,2
borromaevm,1
alfonsi,1
castro,1
iusta,1
hæreticorum,2
punitione,1
campegii,4
auctoritate,3
indicantur,1
sequenti,1
caceris,1
patieci,1
haeresiarchas,1
reginam,1
galliæ,1
regni,3
proceres,1
duæ,1
principes,1
populum,1
germanun,1
camerarii,1
pvrgatorio,1
igne,2
dialogi,3
dvo,5
camilli,3
cavtii,1
scholia,2
religione,1
præcipuè,1
omnis,2
accidentium,1
adorationis,1
sanctiss,1
difficultas,1
doctrinæ,3
mira,2
breuitate,3
adiectæ,2
rem,1
facientes,1
sacrosancta,3
eivsq,1
principatv,3
senatu,1
concilijs,1
magistratibus,1
ministris,1
iure,6
diuino,3
institutis,2
prostratis,1
impiorum,2
rationibus,1
ecclesiastica,2
legis,2
κατηχησις,1
christiana,3
instructio,1
quòd,2
diuinitus,1
commentariolus,1
nicolaum,1
teupolum,1
conciliorum,2
pontificem,2
maximum,1
conclvsiones,1
avgvstini,5
ostendvntvr,1
lutheranorum,3
mendacia,1
fonatini,1
sacramentorvmqve,1
virtvtibus,1
imprimisque,1
eucharistia,3
luterorum,1
perfidia,1
fraude,1
fallacijs,1
turpitudine,1
nefandis,1
sceleribus,1
gregorium,3
bonum,1
bonitatis,1
genere,2
ductum,1
socium,1
scoietati,1
humani,1
immeritò,1
vbique,1
locorum,1
cunctis,5
fidelibus,2
semper,2
consultorum,1
resolvtiones,1
qvartvm,2
quarti,1
voluminis,1
scripti,4
oxoniensis,4
salvatore,1
bartolvcio,1
fidelissime,1
recignitæ,1
collationeq́,1
codicum,2
emendatoris,1
castigatioresq́,1
redditæ,1
ornatæ,1
illustratæ,1
reparanda,1
gentiani,1
herveti,1
qva,5
interpretatvr,1
sextum,2
canonem,1
chalcedonen,1
situs,2
distinctione,1
lxx,1
maxima,1
pendet,1
restitutio,1
lapse,1
ecclesiasticę,1
disciplinæ,3
ethicorvm,1
nicomachvm,2
decem,4
physico,2
avditv,1
varij,1
generis,4
eosdem,2
digreßiones,1
documenta,1
quæestiones,1
expurgate,3
marciantonii,1
zimaræ,2
accesserunt,3
contradictionum,3
solutiones,2
explicatio,1
particulam,1
problemata,1
philosophorvm,1
medicorvmque,1
complvrivm,1
logicam,4
mathematicas,1
disciplinas,1
novvm,1
declarat,1
benedicti,2
pererii,2
communibus,3
principijs,1
affectionibus,1
qvindecim,1
conferunt,1
eos,2
auditu,1
inscribuntur,1
intelligendos,1
logicæ,3
compendium,6
chrisostomi,1
mirabili,1
introdvctio,2
dialecticam,2
favente,1
dispvtanda,1
proponit,1
avgvstinvs,1
mvtivs,1
physica,4
avscvltatione,1
gymnasio,2
patavino,1
riccoboni,1
commentatorium,1
boerii,1
decisionvm,1
avrearvm,1
bvrdeg,1
senatv,1
olim,3
discvssarvm,1
additionibvs,3
tract,1
montani,1
authoritate,2
præminentia,1
consilij,2
adiectis,3
statu,4
uitaq́ue,1
eremitarum,1
pulcherrimo,1
beroii,2
familiares,3
grammatici,2
consilia,4
vota,1
iuris,5
responsa,5
castigata,2
excusa,1
zeni,1
periclis,1
lepidi,1
historiarum,4
thvcydidis,1
sallvstii,2
casæ,1
latina,3
monimenta,1
quorum,4
partim,2
versibus,2
soluta,1
oratione,1
scripta,1
oratoria,1
inventione,2
vel,9
horativs,1
flaccvs,1
atqve,6
avctoritate,4
dionysij,1
lambini,1
emendatus,1
eodemq́,1
copiosiß,1
illustratus,3
adiecimus,1
michaelis,2
brvti,1
pensier,1
morte,2
ptolemaei,3
planisphaerivm,3
iordani,1
commandini,1
vrbinatis,2
scenographices,1
quambreuissime,1
traditur,1
demonstrationibus,1
confirmatur,1
cancelariae,1
stilo,1
formis,1
romana,4
cvria,1
vsitatis,1
excerpta,3
memorabilibus,1
hier,1
barchin,1
literarum,5
apostolicarum,1
vicecorrectoris,1
curia,1
versantibus,4
cùm,2
vtilis,4
necessaria,7
adiectum,1
prouinciale,1
cathedralium,1
vniuersi,1
monetae,1
cuiusq,1
regionis,1
nomenclatura,1
valor,1
fieri,1
potuit,1
diligentia,11
emendata,2
denuo,5
materiarvm,1
patauino,1
statuto,1
digestus,1
andream,2
triuisanum,1
dellhistoria,1
china,1
stanislai,1
hosii,1
cardinalis,3
poeniten,1
varmiensis,1
clypevs,2
militantis,1
cvltv,1
praedestinatione,3
reprobatione,1
mirabilibvs,1
operibvs,2
dispvtationvm,1
indvlgentiis,1
nostrae,1
tempestatis,1
haereticos,2
patres,3
vnvs,2
hieronimi,1
nigri,1
admirando,1
mysterio,2
adorando,1
hæreses,3
flaminii,2
nobilii,1
vinea,1
breui,2
descriptione,1
sacramentorum,3
paradisi,1
limbi,1
purgatorij,1
inferni,2
divinis,2
apostolicis,1
traditionibus,1
deque,3
adsertiones,1
ceu,1
decẽ,1
antiquitas,1
dogmata,2
orthodoxæ,1
elucidatur,1
scholasticvm,1
quolibet,1
alium,2
avthore,1
paduano,2
grassis,1
barolita,1
antonij,10
lucidarium,1
potestatis,1
papalis,1
responsio,2
librvm,3
leonharti,1
vvaramundi,1
caluiniani,1
causa,2
coloniensi,1
obscvritate,1
interpretatione,1
vniverso,1
verbo,3
tradito,1
pænitentiæ,1
ueteribus,2
sanctis,3
hæreticos,4
lutherano,1
copiose,2
sacramentalem,1
confessionē,1
ipso,2
institutam,1
esse,4
antiquis,1
pænitẽtiis,1
utilis,1
sãctis,1
accurate,2
cõtextus,1
clave,1
david,1
regno,2
calvmnias,1
acleri,1
visibili,1
monarchia,1
xvii,1
primae,1
partis,3
aqvino,1
ineffabili,1
trinitatis,1
disputantur,1
trigintatres,1
distinctiones,1
primi,3
iosephi,6
valentini,3
coactiva,1
romanus,1
pontifex,1
exercet,1
negotia,1
sæcularia,1
primvs,4
incarnatione,1
consonantia,1
evangelistarum,1
acta,2
erga,1
puerum,1
iesum,1
ipsiusq́,1
gestis,3
usque,1
monte,1
peractum,1
pulcherrime,1
conciones,5
eliciuntur,1
recẽtiores,1
hostes,2
verrato,1
autore,1
tomvs,7
secvndvs,6
velvt,1
catena,1
qvo,11
patrum,5
plures,2
connectuntur,1
præclara,1
excussum,2
divina,2
æterna,1
prædestinatione,3
flumina,1
scripturarum,2
uelut,1
mare,1
proficiscuntur,1
rursus,2
uitæ,3
mortis,1
iustorum,1
opvscvlvm,3
ivstificatione,2
singvlare,1
heresiarchas,1
quoscunque,2
decisionibus,1
apostoli,1
raphaelis,1
venosti,1
prędestinatione,1
gratía,1
libero,3
arbítrio,1
theologíca,1
propria,1
peti,1
solent,4
continent,1
lutheranorũ,1
hac,8
euertunt,1
ochini,1
iustificatione,3
confessione,1
satisfactione,1
homeliae,1
adventv,1
dominicam,1
resurrectionis,4
legi,2
euangelia,7
victoria,3
thomam,4
chaues,2
discipulum,3
declamatoriũ,1
figuris,4
attestationib,1
literis,3
putile,1
declamatoribus,1
distinctũ,1
aranei,2
ragusio,1
occurrentium,1
dubiorũ,1
confutãtium,1
subiectã,1
materiam,9
epistolam,2
romanos,2
modum,1
lecturæ,1
propvgnacvlvm,1
iacomelli,1
frãcisci,2
meddensis,1
calũnias,1
decisiones,4
scholasticorum,1
fontibus,1
deductæ,1
arcana,1
catharini,3
politi,1
cœlibatu,1
impium,1
erasmum,1
disceptationvm,1
ambrosií,1
catharíní,1
certitudine,2
inhærentis,1
gratiæ,4
peccati,1
originalis,1
potentia,1
liberi,1
arb,1
naturæ,1
lapsæ,1
desertione,1
induratione,1
adiicitvr,1
lvcvbratio,1
enunciationum,1
autoris,2
peccato,2
originali,3
adiicitur,1
quem,1
natvra,1
gratia,1
catharinum,1
hæresesqve,1
varias,1
pelagianorvm,1
maximè,3
catholicam,1
excludens,1
acostae,3
revelato,1
novem,1
novissimis,1
torrensis,2
svmmi,1
supra,1
concilia,1
residentia,3
pastorum,2
scripto,4
sancita,2
actis,3
veris,1
sextæ,2
synodi,4
canonibus,2
falso,1
feruntur,1
septima,1
multiplici,2
octaua,1
antapologeticvs,1
suo,2
dogmaticvs,1
germanos,1
lvtheranos,1
dogmaticus,1
electione,1
lvcernas,1
compositvm,1
septimò,1
impressvm,1
exactissimè,1
correctum,1
auctum,1
ipsomet,1
iudicium,1
nuæ,1
militis,1
galli,1
scriptis,2
discursus,1
militares,1
inscripsit,1
bodini,1
dęmonomania,1
mornei,1
perfectione,1
nicolao,2
machiauello,1
controversiæ,2
scotum,2
pugnantes,1
referuntur,1
potiores,1
difficultates,3
elucidantur,1
reijciuntur,1
scolasticae,2
bibliothecae,2
solvm,2
spectant,2
describuntur,2
palanterii,1
sent,2
ædita,1
maiorvm,1
nostrorvm,2
defensio,1
hæreticorvm,1
sæcvli,1
astus,1
stratagemata,1
deteguntur,1
harmonia,1
patrvm,5
scholasticorvum,1
singvla,1
qvaeqve,1
sacræ,1
ervdite,1
eleganter,1
tractantur,7
doctoresq́,1
consensionem,1
aptissimè,1
reuocantur,1
svmmo,3
ipsivs,1
temporali,1
ditione,1
demonstratio,1
facivtae,1
angelorum,1
honestate,1
clericorum,2
quæstio,2
prædestinationis,1
reprobationis,1
operum,1
præscientia,1
sola,1
voluntas,2
exorcistarvm,1
valerii,1
polidori,1
dæmones,1
maleficia,1
christifidelibus,1
eiiciendum,1
duas,2
habens,1
quarum,5
expvlsio,1
dæmonum,2
dicitur,2
efficaciæ,1
diuersos,1
cõtinet,1
exorcismos,1
verò,2
dispersio,1
vocatur,1
probatissima,1
remedia,2
continet,1
applicanda,1
arbitrio,2
meritis,1
bonorvm,1
opervm,1
ivbileo,1
volanum,2
polonum,1
caluini,1
sanctissima,2
evcharistia,1
metonymicos,1
alter,5
sacerdotis,1
aeterno,1
sacerdoti,1
eivs,4
terris,1
vicario,2
cvivscvnqve,1
pene,3
casvvm,2
qvadrigenta,1
corona,2
confessorvm,2
mavri,1
berardvcii,1
qvarta,1
cui,3
additæ,1
aliæ,2
quarta,1
clericis,3
religiosis,2
valde,1
necessariæ,2
avreæ,1
conscientiae,1
distributæ,1
hiermi,1
paphii,1
cev,1
verissima,1
calumnijs,2
vindicata,1
refert,1
vlpii,1
avgvsti,1
animam,1
precibus,1
tartareis,1
cruciatibus,1
ereptam,1
hieronymvs,1
stridonensi,1
fuerit,3
duo,2
locupletior,1
ignis,1
pvrgatorivs,1
hanc,6
græcis,3
latinis,3
orthodoxis,1
hæbreorumq́,1
doctissimis,1
uetustiss,1
assertus,1
bartholomæ,1
valuerdio,1
gandia,1
purgatorio,1
intercessione,1
sacrificiis,1
suffragiis,1
sacrorum,1
adeò,1
externis,1
cultibus,1
ceremoniis,1
apologeticum,1
valverdii,1
gandiae,1
proposita,1
vvenzeslai,1
vvertzouiz,1
equitis,2
bohemi,1
ieiunio,1
quadrag,1
relectio,1
tegendi,1
detegendi,1
secretvm,1
sciendvm,1
servandvm,1
presbyteris,1
curam,1
animarum,1
habentibus,2
breuiter,2
redacta,2
sacerdotum,1
thesaurus,1
consvetvdinem,1
sacrique,1
sanctiones,1
qvadragesimam,1
legvntvr,1
evangelia,1
sermonvm,3
barletae,1
scatebat,2
mensdis,1
castigatus,1
rvtilii,1
benzonii,1
curatorum,2
fuga,1
peste,1
fame,1
bello,3
doctissime,1
differitur,1
prædicantivm,1
ervditione,1
refertissima,1
explicans,1
præcipuos,1
sensus,1
locos,1
bromiardo,1
quadragesimam,1
singulas,2
ferias,1
numerum,1
initio,1
præfixus,1
ostendit,1
sancta,3
coenae,1
passionem,1
resvrrectionem,1
homeliæ,1
tabulæ,4
annexis,1
scholijs,1
evangeliorvm,3
qvadragesimalivm,1
gvillelmi,1
pepini,1
avrea,7
rosa,1
prierio,1
videlicet,2
prædicatorum,3
curiam,2
portvs,1
panhormi,1
ornatvm,1
lapide,1
pretioso,1
singvlari,1
novissimè,1
euangelijs,1
romanæ,4
curiæ,4
fratrum,9
canophyli,1
œconomia,1
concionalis,1
euãngelijs,1
quadragesimæ,1
cassiani,1
renuntiantium,1
xxiv,1
innvmeris,1
auxilio,1
vetustißimorum,1
expurgatæ,2
suam,1
integritatem,1
restitutæ,2
adiectę,1
quarundam,2
obscurarum,1
dictionum,2
interpretationes,1
regula,2
pachomij,1
hieronymo,3
conuersa,1
multo,3
emendatior,1
confessionale,1
savonarolae,1
communem,3
accommodatum,1
denuoq́ue,1
mendisq́,1
passim,1
expurgatum,1
nonnvlis,1
tridentino,1
alexandrum,1
saulium,1
collectis,1
thavleri,1
quędam,1
pietati,1
inseruientes,1
henrici,4
harphii,1
contemplatoris,1
eximij,1
studio,5
attentiori,1
vmquam,1
correcti,1
paraeneses,1
religionem,1
pietatem,1
christianam,2
pertinentes,2
vtroque,1
desumpti,1
affetti,2
mistica,2
theologia,3
tratti,1
dalla,1
salomone,1
sparsi,1
varie,1
gvise,1
reversione,1
animi,1
coelvm,1
argvmento,1
svmpto,1
psalmis,1
ascensvvm,1
davidis,2
nattae,2
humilitate,1
locvtione,1
occidentalis,2
accommodas,2
hisce,2
quadragesimalium,2
septvagesimae,2
vsq,3
feriam,2
secundam,3
beatæ,2
mariæ,3
beatus,2
uenter,1
portauit,2
sabbatinis,2
paßio,1
compaßionis,1
convito,1
dagosto,1
oue,1
piaceuolmente,1
che,1
possano,1
conoscere,1
emendare,1
uitij,1
dellanimo,1
vir,1
ivstvs,1
lavdibvs,1
hominis,2
christiani,3
centvria,1
quanta,1
viri,3
iusti,1
serui,1
magnitudo,1
felicitas,1
impij,1
humilitas,1
miseria,1
appendice,2
vbi,2
facilius,2
honeste,1
turpiter,1
viuere,1
offenditur,1
idque,1
faciendum,1
regulæ,2
quædam,4
traduntur,2
regvla,1
confessarii,1
confitentis,1
mvnvs,1
rite,1
obevndvm,1
composita,1
sanchez,1
dominicis,3
feriis,1
qvadragesimae,1
frequentius,1
pontificii,1
civilis,2
vtrunq,1
interpretum,1
hodie,1
quarto,7
loco,2
decretvm,2
emendatvm,2
notationibvs,2
illvstratvm,2
glossis,8
sextvs,2
decretalivm,4
bonifacii,2
svae,4
clementinis,2
extrauagantibus,2
earumque,2
restitutus,2
decretales,3
papæ,6
vnà,2
restitvtae,2
armilla,2
inscribitvr,2
fvmi,1
breviter,2
strictimqve,1
canonico,1
theologos,1
svmmas,1
animarvm,2
cvram,2
diffusè,1
disperseq́,1
priuilegiorum,2
minorum,6
observantia,1
quos,1
monialiumque,1
clarae,1
facta,1
feliciter,1
incipit,2
nvncvpata,1
casvs,1
attinentes,1
gigantis,2
episcoporum,1
pensionibvs,1
causarum,2
patronis,1
ecclesiastico,3
foro,5
ceterisq,1
legũ,1
canonũ,1
minus,3
necessarius,1
centũ,1
elucubratũ,1
hieronimvm,1
gigantem,1
familiaria,1
ecclesiasticarvm,1
pensionvm,1
consvmatissimi,1
continentia,2
vltra,1
eas,2
quas,2
posuit,1
aureo,1
pensionum,1
epithomate,1
intruso,1
svmmæ,1
tabienae,1
svmmarvm,1
merito,1
appellatvr,1
regulis,3
confectis,1
delectos,1
editvs,1
postea,1
syxto,1
avctvs,1
demvm,1
iussu,1
recognitus,1
publicatus,1
instrvctione,1
exequendæ,1
prohibitionis,1
dèq,1
sincerè,1
emendandi,1
imprimendi,1
ordinandorvm,1
primò,1
generatim,2
sigillatim,1
baptismi,1
confirmationis,1
extremæ,1
vnctionis,1
deq,1
missa,2
fideliũ,1
salutẽ,1
more,1
disputatur,3
palatii,2
apostolici,1
diaz,1
lvco,1
criminalis,10
canonica,3
flagitia,1
committi,1
eorum,5
pœnis,2
antonio,5
blanci,1
perutilis,1
singularibus,1
cautelis,1
reorum,2
defensionibus,1
primùm,1
panditur,1
svmmariis,5
bapt,2
ziletvm,1
praxis,7
regvlis,2
minvs,2
brevibvs,1
qvàm,1
doctis,3
conscripta,2
lvcerna,2
inqvisitorvm,4
haereticae,3
prauitatis,2
comensis,2
summatim,1
continetur,4
desideratur,1
huiusce,1
inquisitionis,2
sanctum,1
munus,1
exequendum,1
follerii,1
miro,2
fæcundissimo,1
congesta,1
procedendi,2
vrbe,3
aliisuè,1
curiis,1
pertractatur,1
qualiteruè,1
iudices,1
ecclesiastici,1
ethicè,1
economicè,1
politicè,1
habere,1
debeant,1
marcellina,1
nvncupata,1
irregvlaritatibvs,1
aliis,2
canonicis,1
impedimentis,1
ecclesiasticos,1
ordines,2
suscipere,1
susceptos,1
administrare,1
prohibetur,1
libre,1
simonia,1
simoniæ,1
species,1
subtiliter,1
discutiuntur,1
nihil,2
amplius,4
desiderari,1
possit,3
distribvtionibvs,1
qvotidianis,2
distributus,1
distributionibvs,1
contentioso,1
acquirendis,1
distrahendis,1
latiùs,1
aliqua,1
beneficiorvm,3
vtilissima,4
acqvirendi,2
conservandiqve,2
illa,2
amittendi,2
modos,2
vsumq́,1
stylum,2
formas,2
denique,4
signaturæ,2
bullæ,2
simplicis,2
nouæ,4
prouisionis,2
dispensationisq́,2
clausularumq́,2
eis,2
contentarum,2
usumq́,1
atq́,1
adversus,1
fallaces,1
superstitiosas,1
magia,1
observatione,1
somniorum,1
diuinatione,2
astrologica,1
oscvlatione,1
pedvm,1
pom,1
auctoris,4
disputatione,1
coronatione,1
leuatione,1
portatione,1
pravitatis,2
strigibus,1
pegñae,1
additi,2
impressione,1
gersoni,1
vnus,1
prestatione,1
signis,2
pertinacia,1
hæreticæ,1
perfecto,1
cardinali,1
qvæ,6
pertinent,5
copiosissime,2
formvlarivm,1
registrorvm,1
stilvm,1
cvr,1
bvllis,1
facvltatum,1
rpd,2
rotæ,2
cameræ,1
apostolicæ,2
auditorum,2
haereticis,1
zanchini,1
vgolini,2
locvpletissimis,1
officii,1
ministrorvm,1
vtilitate,1
impensis,1
acceserunt,1
quorundam,1
campegij,1
unum,1
triplici,1
mathaei,1
anibaldi,1
confecto,1
ivdiciaria,1
vmberti,1
locati,1
diuersis,3
ivd,1
officij,1
formulæ,1
quę,1
agenda,1
hæresum,1
cognitionem,2
forum,1
lvgdvn,1
conc,2
svb,2
greg,2
gvilelmi,1
dvranti,1
specvlatoris,1
mintvrni,2
præstandis,1
tridentinæ,1
relationes,1
decretorvm,2
canonum,1
condita,3
provinciali,1
mediolanensi,1
provincialis,1
florentinae,3
præsidente,1
altouita,1
dioecesanae,1
alexandro,1
iulii,1
mdlxxxix,1
effigies,1
romvaldina,1
eremitica,1
coronae,2
camaldvlensis,1
partita,1
lignvm,1
ornamentum,1
decus,1
divisvm,1
privilegia,1
minimorvm,1
paula,1
complvres,1
svmmos,1
communicata,1
versa,1
pagella,2
indicabit,3
vniuersos,2
tangentibus,1
martyrologivm,1
novam,1
kalendarii,1
ecclesiasticæ,2
balthasaris,1
fedelis,1
praerogativa,1
veron,1
antiqva,1
monvmenta,1
aliorvm,1
corpora,1
aliqvot,2
veronæ,1
vereq́,1
lucidissima,1
kempis,1
vincentij,1
spirituali,1
pientissimum,1
institvtio,1
litteris,1
vetervm,3
dispvtationem,1
ivstitia,1
habet,1
divvus,1
sectione,1
secundæ,1
suæ,2
dißerendi,1
modusque,1
aßequendi,1
euangelista,1
bosio,1
xxiiii,1
avctore,1
thoma,2
bozio,1
perillvstrivm,1
doctorvm,1
recentiorum,1
avrei,2
antiqvi,2
additionibus,3
medices,2
compostellani,1
creuant,1
gvidonis,1
thierri,1
capistrano,1
cuius,1
cõmentarij,1
præsertim,1
guido,1
corruptissimus,1
circumferebatur,1
expurgati,1
bononiensis,2
decretalium,6
nouella,1
exemplaribvs,1
petrvum,1
vendramaenvm,1
referta,1
erant,1
diligenter,1
expurgatis,1
partem,3
commentarij,4
panormitani,4
quinti,1
secusia,1
hostiensis,2
superantii,1
adnotationibvs,2
excerptis,1
martini,3
ferunt,1
contemporanei,1
azonis,1
accursij,1
mantvae,1
benavidii,1
pontificij,1
ordinarias,2
solemnis,2
elegansq,1
svbtiliter,1
abvnde,1
alienationibvs,1
rervm,5
ecclesiarvm,1
quotidie,2
practicabilis,2
rebvs,2
alienandis,1
gvlielmi,1
redoani,1
asinii,1
titvlvm,2
digestorum,1
sumptibus,1
funerum,1
felini,1
sandei,1
utilissima,1
consiliorvm,4
responsorvm,3
portii,3
sane,3
facilitate,1
pertractata,1
videbis,1
tametsi,1
retrusa,1
abdita,1
desideraris,1
decii,1
volumen,2
perspicua,1
titulum,1
priuilegijs,2
ripa,1
fra,2
ripae,2
sancto,3
nazario,2
quinq,1
libr,1
viginti,1
responsis,1
æditis,1
marliani,1
annales,1
consulum,1
dictatorum,1
censorumq́,1
romanorum,3
cæsarem,1
triumphos,1
fastorvm,2
romvlo,3
rege,4
vsqve,4
imp,2
caesarem,3
avstrivm,1
avgvstvm,1
fastos,3
consvlares,3
appendix,1
lvdis,2
saecvlaribvs,1
consvlvm,1
dictatorvm,1
censorvm,1
fasti,2
trivmphis,2
sigonio,1
kalendarium,1
uetus,1
marmore,1
descriptum,1
manutij,1
ueterum,1
dierum,2
opinio,1
triumphi,1
acti,1
trivmphos,2
romanam,1
historiam,1
iovitae,1
rapicii,1
nvmero,2
oratorio,1
dauidis,1
circensibvs,1
vniuersa,2
ritvsq,1
declarantvr,1
illustrantur,1
venetarvm,1
annvm,1
mdlxxv,1
fazelli,1
sicvlis,1
decades,1
dvae,1
editae,1
rvbei,1
ravennatvm,1
altera,1
editione,5
vndecime,1
antiquitatis,1
gothorum,1
longobardorum,1
italicorum,1
diluuium,1
centesimo,1
quadragesimo,1
mdlxxviii,1
amplissimè,1
vberti,1
folietae,1
genuensium,1
principibvs,1
atestinis,1
insignes,1
alibi,1
gestæ,1
inclinatione,1
imperij,1
mccclxxvi,1
lodovici,1
vivis,1
dialogistica,1
lingvæ,2
exercitatio,2
cordvbensis,2
pervenere,1
aliiq́ue,1
ipsius,4
logica,1
visis,1
iacob,2
mantino,2
conuersi,1
levi,1
gersonidis,1
auer,1
expositionem,1
logices,1
theophili,1
zymarae,1
victorii,2
positis,3
graecis,1
verbis,2
ijsdemque,1
verbum,1
latine,1
expressis,1
dicendi,1
singvlas,1
avctoris,2
menochii,1
adipiscenda,1
retinenda,1
possessione,1
amplissima,1
diversorvm,2
morborvm,1
genera,2
persecuti,1
undique,1
conquisiti,1
uno,1
uolumine,2
comprehensi,1
medicinæ,1
dediderunt,1
commodo,1
consulatur,1
claris,2
oratoribvs,1
brutus,1
innumerabiles,1
quum,1
aliorum,4
scriptorum,1
marii,2
nizolii,1
ciceronem,3
observationes,1
utilissimæ,1
uerba,1
uniuersamq́,1
dictionem,1
alphabeti,1
semel,1
iterum,2
cælij,2
secundi,1
curionis,1
parua,1
uocum,1
accessione,2
locupletatæ,1
postremaq́,1
cura,3
iudicioq́,1
repurgatæ,1
marij,1
nizolij,1
curione,1
accuratius,1
limatus,1
paucus,1
locupletatus,1
nizolivs,1
ciceronianvs,1
verba,1
omnemq,1
loquendi,1
eloquendi,1
uarietatem,1
complexus,1
dimidia,1
avctior,1
conferas,1
sis,1
iudicaturius,1
val,2
martialis,1
xiiii,3
interpretantibus,1
domitio,1
calderino,1
giorgioq,1
argumentis,1
poetæ,1
mentem,2
explicantibus,1
verdelot,1
tutti,2
madrigali,6
secondo,4
voci,4
novamente,5
ristampati,2
molti,2
errori,1
emendati,1
gionta,2
medesimo,1
auttore,2
aggiontovi,2
anchora,3
composti,3
messer,2
adriano,2
eccellentissimi,2
musici,2
gomberti,3
facile,2
musica,1
vocum,2
vulgo,1
motecta,1
nuncupatur,1
nonnullis,2
morales,1
motectis,1
summon,1
concinnatis,1
nunquam,1
alias,2
aeditum,1
missarum,1
musicalium,1
motetis,1
misse,2
dulcissime,2
modulationis,2
aures,2
mulcentes,2
vocibus,2
mantue,2
capelle,2
jacheti,4
sequentes,2
due,2
berchem,2
plurimis,2
mottetti,1
fiore,1
quattro,1
somma,1
revisti,1
corretti,1
motetti,4
moteti,1
fama,3
lheritier,1
musico,1
eccellentiss,1
raccolti,1
già,1
stampati,3
piu,2
coretti,1
posti,1
luce,1
commune,2
utilita,1
virtuosi,1
verdelotto,1
medesmo,1
tertio,3
vitrvvii,1
pollionis,1
architectvra,1
danielis,1
barbari,3
mvltis,2
aedificiorvm,1
horologiorvm,2
machinarvm,1
descriptionibvs,1
auctis,1
illustratis,1
qvin,1
argvmentis,1
insertis,2
interpretibus,1
acrone,1
porphirione,1
iano,1
parrhasito,1
mancinello,1
iodoco,1
badio,1
ascensio,1
eruditißimis,1
scoliisq́,1
erasmi,1
roterodami,1
angeli,3
plitiani,1
sabellici,1
cælii,1
rodigini,1
baptistæ,4
criniti,1
aldi,1
manutii,2
matthæi,1
bonfinis,1
adiunctis,1
præterea,1
thylesii,1
consentini,1
vtinensis,1
glareani,1
apprimè,2
addidimus,2
peroti,1
sipontini,1
metris,1
odarum,1
crinito,1
vsvris,2
contractvm,1
mvtvi,1
pignorationis,1
fideussionis,1
assecurationis,1
obligatione,1
restitutionis,1
earundem,1
ritè,1
faciendæ,1
vsurario,1
eiusquè,1
hæredibus,1
quocunq,1
restitutioni,1
cuiuscunque,1
rei,1
quamcunque,1
obnoxio,1
diuisus,1
xxxv,1
sistvm,1
bartholomæi,1
theologicvm,2
senten,2
lavreandis,1
tertiam,1
qvæstionem,1
sexagesimam,1
secvndae,1
angelici,1
velseri,1
avgvstanar,1
vindelicar,1
hominvm,2
cælibatus,1
origo,1
progreßio,1
consummatio,1
sanctorumq́,1
proponitur,1
statuitur,1
temporis,1
propugnatur,1
defenditur,1
salvtari,1
praesertim,1
progressu,1
quinq́,1
euentu,1
quintus,2
horum,2
temporum,6
exanimis,1
reuulsis,1
piorum,2
lectorum,1
scrupulosis,1
dubitationibus,1
reddantur,1
tranquillae,1
matrimonio,1
caelibatv,1
impios,1
homines,1
vtiles,2
uehementer,1
desiderati,1
iacobini,1
malafossii,1
pedemontani,1
bargii,1
theologorvm,1
exactissima,2
absolutissimaq́ue,1
centum,1
contradictiones,1
socti,1
latitarunt,1
acie,1
ingenij,1
luculenter,1
dissoluuntur,1
henricũ,1
octauum,2
britanniæ,1
regem,1
unitatis,1
priora,1
geneseos,1
adduntur,1
pleriq́,1
alij,2
qæstiones,1
scitu,1
dignissimarum,1
quarũ,1
catalogum,2
gerardi,2
senensis,3
doctissimæ,1
qvodlibet,1
mavritii,1
industria,5
erutum,1
editum,1
restitvtionibvs,1
planctv,1
alvari,1
pelagii,1
confirmandam,1
potestatem,1
verissimamq́,1
christianæ,1
plurima,1
argentina,1
postrema,1
paßim,1
repurgata,1
decisionum,1
quæstionum,1
theologis,2
pertractantur,1
dionysii,3
carthvsiani,2
locupletissimi,1
aegidianae,1
carpensibvs,1
recognitæ,1
quàmpluribus,1
vtilibus,1
caballini,1
balneis,1
græcos,1
latinos,1
arabas,1
medicos,1
cęterarum,1
artium,2
probatos,1
scriptores,1
integris,1
quoquo,1
alio,1
tractauerunt,1
conquisita,1
tandem,1
aqvarvm,1
thermarvm,1
orbe,2
terrarum,1
metallorum,1
mineralium,1
naturę,1
vires,1
exquisitissime,1
mocenici,2
vniuersales,1
hominum,1
parari,1
potest,2
cardinalibvs,2
eccles,1
copiosissimè,1
quintum,1
quamplurium,1
iurisconsultorum,1
probe,1
aliquid,1
ijs,2
addidisse,1
apparuerunt,1
postera,1
leonardo,1
lege,1
præter,1
qvaestionem,1
quandam,1
parmensi,1
gimnasio,1
disputatam,1
repetitionem,1
tuas,1
arbitris,1
alma,2
bononiensi,1
accademia,1
editam,1
interpretationem,1
clementinas,1
profecto,1
vicomercati,1
naturali,1
auscultatione,2
eorundem,2
græco,1
conuersio,1
dilvcidationes,1
primæ,1
matthiæ,1
aquarij,1
archimedis,1
nvlla,1
federico,1
commandino,1
latinvm,1
conversa,1
illvstrata,1
cyllenii,1
vetere,1
recentiore,1
scientia,2
militari,1
bellorum,1
terrestria,1
perinde,1
naualia,1
tormentorum,1
rationes,1
complectente,1
veluti,2
quendam,1
redactum,1
ducibus,1
militibus,1
domi,1
foris,1
conducibile,1
geographia,1
vniversalis,1
vetvs,1
clavdii,2
enarrationis,1
pirckheimheri,1
commentarioli,1
illustrior,1
redditus,1
reliqui,1
castigatiores,1
facti,1
insuper,1
succedunt,1
ptolemaicæ,1
munsteri,1
paratæ,1
plurimæ,1
modernã,1
faciem,1
explicantes,1
vltimo,1
annexum,1
geographicæ,1
descriptionis,1
uarij,1
gentium,1
regionum,1
ritus,1
mores,1
smvm,1
clementem,1
gilii,1
habita,4
dvm,1
reip,1
lvcensis,1
obedientiam,1
praestaret,1
iofredo,1
rapondio,1
lavrentio,1
gvidiccionio,1
kal,1
maii,1
mdxcii,1
vniversitate,1
hortensio,1
nvovo,1
dimparare,1
scrivere,1
tvtte,2
sorte,1
antiche,1
moderne,1
nationi,1
nvove,1
misvre,1
essempi,1
breue,1
vtile,3
trattato,1
cosere,1
composto,1
giouambattista,1
palatino,1
amore,1
concordia,1
fraterna,1
catvllvs,2
evm,1
mvreti,1
ivnivm,1
brvtvm,1
fratrem,2
vetvstissima,1
exemplaria,1
subsequens,1
præfatio,1
indicat,1
singula,1
doctissimi,1
biel,1
svpplemento,1
desiderabatvr,1
qvintavallii,1
ivrecons,1
camplensis,1
funere,1
catholici,1
hispaniarvm,1
indiarvm,1
regis,1
natvralis,4
inscriptum,2
proficere,1
uolentibus,1
annorum,2
tenebras,1
prodiens,1
studentum,1
profectu,1
quidam,1
easdem,1
pertractarunt,1
gemma,1
praedicantivm,1
dicitvr,2
pretiosvm,1
concionatoribus,1
parochis,1
avtore,1
nicolae,1
deniise,1
venter,1
passio,1
compassionis,1
oecvmenica,1
pio,1
alphonso,1
contreras,1
qaadragesimæ,1
mdlxiii,1
reformationem,1
persuadendam,1
seriem,1
fundamenta,1
uniuersique,1
amplificatio,1
instituta,2
uiri,1
uirtutibus,1
præclari,1
bonaventvræ,1
vndiqve,1
conqvisitis,1
avcta,1
dominicae,2
qvatuor,2
euangelistis,1
concinnata,1
dissecta,1
broickvvy,1
akoningstein,1
ervdentissimarvm,1
enarrationum,3
præclarum,1
exaxtißima,1
rhetorica,2
concionandi,1
orandi,1
vsvm,2
accommodata,1
vtrivsq,2
facvltatis,1
exemplis,1
svo,1
indorvm,1
deprompta,1
historiis,1
vnde,1
doctrinam,3
qvoqve,1
delectatio,1
comparabitvr,1
infrascripta,1
uidelicet,1
testamentum,1
pape,3
eandem,1
regulam,2
symbolvm,1
apostolorvm,1
quæstionarium,1
ignorantia,1
arma,1
indulgentijs,1
repvblica,1
paduani,1
crassis,1
conuentu,1
didymo,1
philotheo,1
colloquentibus,2
concilivm,1
aucthore,1
barlecta,1
publice,1
profitente,1
dydimo,1
philothæo,1
christophori,2
clavii,1
descriptio,1
qvæstionvm,1
vniversalivm,1
eruditissima,2
accurata,1
irenæi,1
brasavoli,2
littera,1
exqvisite,1
enucleatur,1
perpulchræ,1
examinantur,1
diluuntur,1
notabilium,1
qvolibetales,1
miscellaneæ,1
philosophicæ,1
praecipveqve,1
profitentibvs,2
necessariae,1
irenaei,1
multæ,1
nemine,1
adhuc,1
dilutæ,1
enucleantur,1
sanderi,1
progressv,1
schismatis,1
anglicani,1
pantaleontis,1
bartelonaei,2
raverini,1
quantitatis,1
syllabarie,1
varijs,1
generibus,2
comicorum,1
precipuè,1
lucubratio,1
accentibus,1
sue,1
tonis,1
poemati,1
frequentibus,1
roberti,2
vvidii,1
tornodoraei,1
dialectis,1
ars,1
uerificatoria,1
epitomæ,1
despaut,1
auth,1
peliss,1
fedri,1
carminibus,1
artificiosè,1
componendis,1
præcepta,2
syntaxis,1
facili,1
carmine,1
corraeae,1
prosodia,1
uersus,1
componendi,1
quartvm,2
ferretti,1
ravennatis,1
vtriusq,1
commitis,1
lateranẽsis,1
duello,2
dvello,2
eccellentissimo,1
clarissimo,1
giurisconsulto,1
andrea,1
alciato,1
fatto,1
latino,3
italiano,1
utilità,1
massae,1
gallesii,1
civis,1
dvelli,1
illvstriss,1
baldvinvm,1
montivm,1
camaldulenses,1
landini,1
florentini,1
federicum,1
vrbinatum,1
principem,1
condemnatione,1
constantiensi,1
iouiani,1
pontani,1
marcelli,2
uitis,1
principum,3
venetorum,1
cosmographia,1
pij,1
europa,1
ponti,1
nostrorum,2
uarias,1
historias,1
algorismus,1
joannis,3
busco,1
sapientissimi,1
phylosophia,1
dolore,1
neapolitani,1
pvella,1
germanica,1
biennivm,1
vixerat,1
sine,1
cibo,1
potvqve,1
pavlvm,1
maximvm,1
conflagratione,1
agri,1
pvteolani,1
hadriani,2
florentii,1
traiectensis,1
editio,1
matrimonialivm,1
clarissimis,1
ivreconsvltis,3
veteribus,3
literarvm,1
vnivers,1
alivmqve,1
bonaventrae,1
delvcidationes,1
elaborata,4
dilucidatio,2
tartareti,1
porphyrii,3
logicorum,1
eruditissimæ,1
aivnt,1
subtilium,1
longè,1
clariss,1
uniuersæ,1
aristoteleæ,1
disertissima,1
tractatibus,1
absolutum,1
nvmervm,1
aeqve,1
integrantivm,1
arist,2
exactissimae,1
priorum,1
plinii,3
historiae,3
pvpillorvm,1
patrocinivm,1
organvm,1
avtolyci,1
sphera,1
movetvr,1
theodosii,1
tripolitae,1
habitationibvs,1
mirabilia,2
romae,2
indvlgentie,1
reliquie,1
stationes,1
vocabulista,1
vulgare,2
pulcherrima,1
hymnorum,1
annũ,1
aeneae,1
platonici,1
graeci,1
christianissimi,1
immortalitate,1
animorvm,1
deqve,1
corporvm,1
resvrrectione,1
cvi,2
titvlvs,1
theophrastvs,1
thome,4
cõparata,1
melilli,1
vicarii,1
præcedentia,1
diœcesana,1
vocabvlista,1
poenitentialivm,1
petrarchæ,1
remediis,1
fortvnæ,1
vritani,1
lingva,1
marcellvm,1
orthographiae,1
emanvelis,1
chrysolorae,1
grammaticae,1
matthaeii,1
devarii,1
particvlis,1
franciscus,2
niger,1
pacis,1
qverela,1
administrando,1
panegyricus,1
philippum,1
plvtarcho,1
discrimine,1
adulatoris,1
amici,1
utilitate,1
capienda,1
inimicis,1
principi,1
philosopho,1
disputandum,1
declamatio,2
mortuo,1
puero,1
cortesii,1
mvtinensis,1
presb,1
familiarivm,1
lilii,2
gyraldi,2
poëtis,1
andreæ,1
bellvm,1
cameracense,1
virtvtvm,1
vitiorvm,1
martyris,1
monachi,1
dvabvs,1
volvntatibvs,1
actionibus,1
pirro,1
constantinopolitano,1
patriarcha,1
marinvm,1
praesbytervm,1
resurrectionem,1
sanctorumque,1
futura,1
gabriele,1
alexandrio,1
galesi,1
episcopo,1
bergomensi,1
scriptvralis,1
promptius,1
inuenienda,1
intelligenda,1
scripturam,1
præcipuis,1
elucubrata,1
terrapeutica,1
galeni,2
methodus,1
medendi,1
morbis,2
curandis,1
linacro,1
anglo,1
quatuordecim,1
symptωmatis,1
morborum,2
causis,4
symptωmatum,2
aeginetae,1
salvbria,1
tuenda,1
ualetudine,1
rvstica,1
catonis,2
terentii,1
varronis,2
iunii,1
moderati,1
columellae,1
arboribus,1
separatus,1
factum,1
lectorem,2
palladii,1
simulque,1
umbris,1
horis,1
palladium,1
georgij,1
priscarum,1
columellæ,1
cæsarum,1
prĩcipis,1
cõstantinum,1
maximilianũ,1
caesarẽ,1
cõflagratio,1
avsonivs,1
tibvllvs,1
propertivs,1
lvcretivs,1
crispi,2
conivratione,1
catilinae,1
iugurthino,1
sallustij,1
crispũ,1
sallustium,1
lucium,2
catilinã,2
porcij,1
latronis,1
epistolae,3
vocatae,1
poetica,1
hvomini,1
illvstri,1
ruffo,1
auieno,1
pomponivs,1
mela,1
cosmographvs,1
sitv,1
hermolai,2
fideliter,1
emendatvs,1
probvs,1
notis,1
codice,2
manvscripto,1
castigatior,1
avctiorqve,1
vnquam,2
factvs,1
petrvs,1
diaconvs,1
conradum,1
demetrivs,1
alabaldvs,1
minutiis,1
ponderibus,1
mensuris,1
ven,1
beda,1
computo,1
gestum,1
digitorum,1
loquela,1
vnciarum,1
leges,2
tabvlarvm,1
pontificiæ,1
variæ,1
verborum,1
conceptiones,1
antiqui,1
prophanis,1
vterentur,1
titulo,1
collectæ,2
phlegontis,1
trallani,1
moribus,1
aureliani,1
cæsaris,1
tribuni,1
militum,1
inscriptiones,1
antiquæ,1
variis,1
repertæ,1
romano,1
civitatis,1
politio,1
sicvli,1
patriarchæ,1
petramellarii,1
svmmis,1
pontif,1
paulo,1
octaui,1
pontificatus,1
continvatio,1
antiqvitatvm,1
romanarvm,1
pavlli,1
mannvccii,1
civitate,1
putei,1
ipsum,1
alios,1
auditores,1
palatio,1
relatis,1
concordibus,1
votis,1
suffragijs,1
singularique,1
diuisæ,1
hebraicæ,1
constitvenda,1
exercenda,1
finienda,1
cagnoli,2
digestis,1
iurisperitis,1
vessalii,1
brvxellensis,1
chirvrgia,1
magna,1
svccessione,1
intestato,2
aliarvm,1
vltimarvm,1
ivra,2
volvntatvm,1
svbstitutionum,1
fideicommissorum,1
accrescendi,1
falcidiæ,1
trebellianicæ,1
legitimæ,1
grassi,1
receptarvm,1
tàm,1
peccatorvm,1
capitalivm,1
opinionem,1
euangelium,3
quemadmodum,1
scripsit,1
mar,1
mattheus,1
duodecim,1
discipulis,1
perotti,1
cornucopiae,1
linguae,1
latinae,2
lavdatio,1
ivsti,1
lipsi,1
crvce,1
volumine,1
authores,1
infrascripti,1
castigatis,1
reconditarum,1
addito,1
tabula,3
numero,1
foliorum,1
adnexa,1
diomedis,1
lucullentissimum,1
grammatices,2
phoce,1
prisciani,1
capri,1
limata,1
latinitate,1
aegrætii,1
orthographia,1
proprietate,1
barbarismo,1
seruii,1
donatum,1
comentariolus,2
sergii,1
probi,1
diuinorum,1
officiorum,1
aphthonii,1
progymnasmata,1
innominati,1
sopatri,1
marcellini,1
hermogenis,1
paraphraseos,1
themistii,1
peripatetici,1
acutissimi,2
posteriora,1
commentarios,1
memoria,1
reminiscentia,1
somno,1
vigilia,1
insomniis,1
somnum,1
hermolao,1
barbaro,1
propriis,1
castigationibus,2
autor,1
huius,3
impressionem,1
addidit,1
aphrodisei,1
stridoniensis,1
subtiles,1
illustres,1
materias,1
testamentis,1
ordinandis,1
exhæredatione,1
liberorum,1
vulgari,1
substitutione,1
ricciardii,1
patritii,1
pistoriensis,1
pisana,1
academia,1
ciuilis,1
iurisque,1
iuridico,1
perutilia,2
summe,1
locupletissimis,1
cavsas,2
criminales,1
editorvm,2
excellentiss,1
qvibvsqve,2
nouis,2
zileti,1
collectorum,2
alivs,1
missvs,1
praxim,2
ziletum,1
criminalib,1
excellentissimis,1
ziletti,1
alius,1
missus,1
zillettum,1
gratiano,1
collectorvm,1
priuilegio,1
trumbete,1
urbinatis,1
metaphysici,1
questio,1
profunda,1
efficientia,1
principij,1
subtili,1
questione,1
nunquid,1
adultus,1
baptizatus,1
saluari,1
discussa,1
arnolphi,1
henrico,1
navarræ,1
aqvilarii,1
grammaticvs,1
specvli,1
vincentii,1
bvrgvndi,1
praesvlis,1
belvacensis,1
eximii,1
altero,1
doctrinarum,1
disciplinarumque,1
farrago,1
moralis,1
omniumque,1
populorum,1
condito,1
tempus,1
sequentium,1
praeclarum,1
omnigena,1
refertissimum,1
diu,1
desideratum,1
iampridem,1
iacuit,1
adhibita,1
solertia,1
prodit,1
capitulorum,1
locupletissimo,2
fallaciarum,1
selecti,1
varii,2
frequentissima,1
assecvrationis,1
cavtionis,1
clarissimorvm,1
lvminvm,1
recentium,1
pignorvm,1
hypotecarvm,1
fideivssionvm,1
excussionum,1
arrestationum,1
repressaliarum,1
assecurationum,1
sequestrationum,1
cessionum,1
exactissime,1
sequens,2
docebit,1
stvdiosorvm,1
practicorvm,1
gratiam,1
quasi,2
corpus,1
collecti,1
emendatius,1
palaeoti,1
bonon,1
ivriscons,1
nothis,1
spvriisqve,1
filiis,1
patricii,2
veneti,2
apologeticvs,1
graecos,1
ivrisconsvlti,1
sæculorum,1
virtute,1
serenissimi,1
ducis,1
biturigum,1
allobrogum,1
subalpinorumque,1
senatoris,1
codicis,1
maximeque,1
appellant,1
lecturas,1
matutinas,1
gymnasiis,1
admodumque,1
repubblica,1
civile,1
rusticana,1
fortuna,1
specchio,1
coscienza,1
miracvlis,1
canonizationis,1
ben,1
morire,2
epitoma,1
medicinae,1
dialogo,1
spiritvale,1
molto,1
reverendo,1
bonsignore,1
cacciagverra,1
dvna,1
deuota,1
sua,1
figliuola,1
spirituale,1
sonaglio,1
donne,1
predica,1
bene,1
novembre,1
1496,1
sermone,2
sopra,2
natività,2
umiltà,1
publii,1
fausti,1
andrelini,1
foroliuiẽsis,1
excellẽtissimi,1
poete,1
laureati,1
amorum,1
abbas,1
joachim,3
magnus,1
propheta,1
hec,2
subieta,1
libello,1
prophete,2
cirilli,1
magnis,1
tribulationibus,1
matris,1
hiis,1
seculi,1
compilatione,1
prophetis,1
theolosphori,1
cusentia,1
presbyteri,1
heremite,1
figurata,1
pulchra,1
apochalypsim,1
residuo,1
antichristo,1
predicatorum,3
statibus,1
deuoti,1
vbertini,1
casali,1
alphabetica,1
principalium,1
suarum,1
annotationum,1
dialogismi,1
xxx,1
frizzolij,1
dialogismus,1
unicus,1
lilij,1
psalterio,1
abreviato,1
plati,1
bono,1
statvs,1
religiosi,1
constitvtio,1
institutum,1
gubernandi,1
confirmantur,1
borgiae,1
praepositi,1
ignatio,1
tertij,1
vtillissimus,1
nouissimis,1
nempè,1
pęnis,1
gaudiis,1
cęli,1
cardani,1
castellionei,1
consolatione,1
borgiæ,1
bergomatis,1
quæstionibvs,1
scaligeri,1
elenchvs,1
castigatio,1
calendarij,1
gregoriani,1
avthoritatvm,1
institvtionvm,1
moralivm,1
conscientiam,1
rectè,1
prauè,1
factorum,1
methodvs,1
adivvandos,1
morivntvr,1
vergilii,2
maronis,2
numeris,1
appositis,1
erythræi,1
basso,1
cremonensi,1
accommodatus,1
inseruit,1
polydori,1
symbola,1
pythagore,1
philippo,1
beroaldo,1
moraliter,1
constitvtionibvs,1
commvnibvs,1
rectoris,1
officivm,1
regvlae,3
praefecti,1
solemnitatibus,1
dictionarivm,1
caesaris,1
calderini,1
mirani,1
tùm,4
congruens,1
idiomatis,1
provincialivm,1
synodorum,1
mediolanensium,1
resolutorium,1
dubiorum,1
celebrationem,1
missar,1
occurentiũ,1
doctoratvs,1
dignitate,1
decore,1
doctrinalia,1
grammaticos,1
interpretatiõibus,1
emẽdatissimis,1
taciti,1
noviter,1
inventi,1
reliqvis,1
syllabvs,1
volvm,1
collationales,1
quolibetales,2
voluminibus,1
itinerarivm,1
nobiliorvm,1
italiæ,1
regionvm,1
vrbivm,1
oppidorvm,1
clarorvm,1
selectæ,1
qvamplvrimis,1
optimæ,1
indicandam,1
eloquentiam,1
qvintiliani,1
mandosii,1
regulas,1
cancellariæ,1
tvlli,1
iodoci,1
bergani,1
benacvs,1
fortuitis,1
casibus,2
seripandii,1
galatas,1
formalitates,1
mendicantium,2
congestũ,1
vvlgatae,1
maldonati,1
mazonii,1
florentiae,1
idvs,1
febrvarii,1
mdxxciix,1
exeqviis,1
catherinae,1
francorum,1
reginæ,1
laus,1
utilitas,1
celebratur,1
hvnnaei,1
cõmentaria,2
joan,1
xij,1
metaphysice,1
aristo,1
interrogatoriũ,1
aĩabus,1
regẽdis,1
laude,1
contemplatiuo,1
extatico,1
iacopone,1
seraphico,1
francesco,1
sexti,1
pręclarissimę,1
quęstiones,1
quolibeticę,1
fini,2
ivdaeos,1
flagellvm,1
excerptvm,1
ordinatissimi,1
ingeniosi,1
opimi,1
egregia,1
parisiis,1
congestum,1
elvcidarivs,1
præclarissimi,1
summã,1
logice,1
venerabilis,1
aquilani,1
procopivs,1
gottorvm,1
linconiensis,1
seriatim,1
inserto,1
scriptum,1
andree,3
diuisionibus,1
boetij,1
questionibus,1
scientie,1
diligenti,1
examine,1
recognite,1
padva,2
moralissimi,1
evangeliis,2
quadragesimae,1
meridionalis,1
ossvna,1
stellae,2
sacrosanctum,1
accuratissima,1
mauritii,1
hibernici,1
doc,1
ysagogis,1
modorum,1
quoque,1
significandi,1
speculatiue,1
perutilissimus,1
uniuesalia,1
predicamenta,1
peryarmenias,1
plynii,1
natvrae,1
xxxvij,1
emẽdatissime,1
peritissimi,1
brixia,1
scotũ,1
sentẽtiarum,1
quadrvplices,1
diez,1
septuagesimae,1
sacrum,1
dominicæ,1
ferijs,1
statii,3
syluae,1
domitii,2
auancii,1
emendationibus,1
thebais,1
achilleis,1
maturãtii,1
cõmentariis,1
alie,1
fasciculus,1
medicine,1
divitvm,1
pietatis,1
hortatorivs,1
qvaestionum,2
secvndum,1
lyra,1
alijsque,1
accessere,1
betontini,1
verdellay,1
senecam,1
senecæ,1
thelogorum,1
trombete,1
patauini,1
metaphysicã,1
padue,1
thomistas,1
discussum,1
stellarivm,1
gloriosissimae,1
cõmentarii,1
philippicarum,1
mayronis,2
preclarissimum,1
illuminati,1
snĩarũ,1
scriptũ,2
cõnflatũ,1
pisis,1
alphonsi,1
hoieda,1
mendoca,1
incompatibilitate,1
compatibilitate,1
conformitatum,1
primũ,1
oxoniense,1
joãnis,1
sẽtẽtiarum,1
pristine,1
artificio,1
superadditur,1
uniuersam,1
peritiã,1
sectionibus,1
cõpraehẽdẽs,1
fantis,1
gersonis,1
vanitatum,1
contemptu,1
acutissimæ,1
processionale,1
mortuorum,1
defunctis,1
cantu,2
processionariũ,2
ritũ,1
morẽ,1
litera,1
quibusdã,1
cognitione,2
cantus,1
adauctum,2
romanũ,1
quodã,1
inclyti,1
orationibus,1
priscorvm,1
sexaginta,1
macrobii,1
somnium,1
scipionis,1
rep,1
saturnaliorum,1
vii,1
censorinus,1
die,1
uetusto,1
exemplari,1
desiderabantur,1
fratrvm,1
eremitarvm,1
manipulus,1
cvra,1
clericalis,1
hominibvs,1
pernecessario,1
recenti,2
panigarolae,1
pentecosten,1
aduentum,1
mdlxxx,1
avxiliis,1
gratiae,1
efficacia,1
psalmorum,1
aduersvs,1
recentiorvmqve,1
hereticorum,1
prauitatem,1
fabrefactus,1
iesaiae,1
prophetae,1
vetus,1
hebraico,1
uersio,1
commentario,1
vtriusque,1
uulgatus,1
interpretes,1
plurimorum,1
calumniis,1
uindicatur,1
sana,1
iudæos,1
confirmari,1
summo,1
vidae,1
cremonensis,1
albae,1
prĩa,1
siculi,1
panor,1
sup,1
decretaliũ,1
casuũ,1
interpositiõe,1
appostillis,1
pvb,1
virgilii,1
vniversvm,1
iconibus,1
excusis,1
partibvs,1
dinstincta,1
pervtiles,1
aretini,2
maleficiis,2
inquirendis,1
animaduertendisq,1
criminibus,1
angelvs,1
aretinvs,1
inqvirendis,1
animadvertendisqve,1
criminibvs,1
nedvm,1
prouincias,1
regendas,1
constituti,1
alberti,1
gandino,1
bonifacij,1
vitellinis,1
apostillis,1
arimino,1
chuchalon,1
apendices,1
subiecimus,1
criminalia,1
bossii,1
omnem,1
criminalem,1
excellenti,1
complectuntur,1
diligentißime,1
expolita,1
accuratißimaque,1
regvlæ,1
testib,1
inditiis,1
tortura,2
consilium,1
criminale,1
brvnori,1
sole,1
frequentiori,1
usu,1
crimina,1
practicatur,1
iudicum,2
iniquitatem,1
detegendam,1
oppressorum,1
innocentiam,1
protegendam,1
tiberii,1
deciani,1
duobusque,1
distinctus,1
crimine,1
laesae,1
maiestatis,1
fertilis,1
copiosvs,1
insignis,1
elegans,1
stvdio,1
cyrilli,1
fulgeonii,1
elementa,1
iudiciarius,1
criminalium,1
accusatorum,1
testium,1
chartarii,1
theoricæ,1
interrogandorvm,1
reorvm,1
clari,2
accuratissimè,1
quȩ,1
testamenta,1
donationes,1
emphyteuses,1
feuda,1
receptarum,1
lanceloti,1
pace,1
hippolyti,1
marsiliis,1
singularia,1
septigenta,1
azpilcveta,1
ervditissima,1
fori,1
praxi,1
freqventissima,1
matthaevm,1
marcvm,1
exemplar,1
impressionis,1
forvm,1
practicantibus,1
tractatibvs,1
inditijs,1
gabellis,1
probatione,1
delictorum,1
iura,1
commu,1
neapolit,1
fideivssoria,1
modvs,1
cavsis,1
civilibvs,1
criminalibvs,1
fideiubendi,1
reos,1
præsentandi,1
contrauentionum,1
principales,1
fideiussores,1
recentissima,1
regij,1
magnæ,1
vicariæ,1
neapol,1
divisa,1
dominicalivm,1
epistolis,1
hyemalis,1
aestiualis,1
praeclarissimvm,2
ivrisperitis,2
pernecessarium,2
vtilissimum,2
tractatvvm,1
secunde,1
perdoctis,1
testibvs,1
probandis,1
reprobandis,1
variorvm,1
avthorvm,1
quicquam,1
memorabile,1
commentati,1
andreas,1
tiraqvellvs,1
poenis,1
legvm,1
consvetvdinvm,1
statutorumq,1
temperandis,1
avt,1
remittendis,1
quotq,1
